months,endDate,workingDays,dailyWorkMinutes,seed,strategyId,allocated,total,coveragePercentage
4,2027-01-31,87,300,20261008,main-heuristic,249,250,99.6
4,2027-01-31,87,300,20261008,nearest-baseline,241,250,96.4
4,2027-01-31,87,300,20261008,urgency-baseline,246,250,98.4
4,2027-01-31,87,300,20261009,main-heuristic,249,250,99.6
4,2027-01-31,87,300,20261009,nearest-baseline,241,250,96.4
4,2027-01-31,87,300,20261009,urgency-baseline,248,250,99.2
4,2027-01-31,87,300,20261010,main-heuristic,250,250,100
4,2027-01-31,87,300,20261010,nearest-baseline,243,250,97.2
4,2027-01-31,87,300,20261010,urgency-baseline,248,250,99.2
12,2027-09-30,261,300,20261008,main-heuristic,250,250,100
12,2027-09-30,261,300,20261008,nearest-baseline,250,250,100
12,2027-09-30,261,300,20261008,urgency-baseline,250,250,100
12,2027-09-30,261,300,20261009,main-heuristic,250,250,100
12,2027-09-30,261,300,20261009,nearest-baseline,250,250,100
12,2027-09-30,261,300,20261009,urgency-baseline,250,250,100
12,2027-09-30,261,300,20261010,main-heuristic,250,250,100
12,2027-09-30,261,300,20261010,nearest-baseline,250,250,100
12,2027-09-30,261,300,20261010,urgency-baseline,250,250,100
