scenarioId,patientCount,teamCount,strategyId,missRate,totalSimulationDays,completedVisits,missedVisits,unservedVisits,realCoveragePercentage,realAccumulatedOverdueDays,realPriorityWeightedCoveragePercentage,realPriorityWeightedPromptCoveragePercentage,realPriorityWeightedActionableDelayDays,realTravelDistanceKm,totalPlanningTimeMs,avgReplanningTimeMs,replanningCount,daysToComplete,completionDate,seed,overdueCount
"longo_restinga_s20261008_p250","250","1","main-heuristic","0","261","250","0","0","100","1095","100","57.74","2.36","1079.74","22138.752","22138.752","1","88","2027-02-01","20261008","51"
"longo_restinga_s20261008_p250","250","1","main-heuristic","0.05","261","250","16","0","100","1269","100","49.43","2.86","1112.81","114771.636","7651.442","15","90","2027-02-03","20261008","51"
"longo_restinga_s20261008_p250","250","1","main-heuristic","0.1","261","250","23","0","100","1260","100","47.15","2.89","1139.91","123412.711","6170.636","20","90","2027-02-03","20261008","51"
"longo_restinga_s20261008_p250","250","1","nearest-baseline","0","261","250","0","0","100","2267","100","35.76","6.36","1252.47","21.312","21.312","1","91","2027-02-04","20261008","51"
"longo_restinga_s20261008_p250","250","1","nearest-baseline","0.05","261","250","8","0","100","2533","100","31.32","8.28","1271.42","93.036","11.629","8","92","2027-02-05","20261008","51"
"longo_restinga_s20261008_p250","250","1","nearest-baseline","0.1","261","250","18","0","100","2924","100","26.77","10.03","1312.12","137.18","8.069","17","95","2027-02-10","20261008","51"
"longo_restinga_s20261008_p250","250","1","urgency-baseline","0","261","250","0","0","100","1851","100","37.93","4.89","1348.45","7.482","7.482","1","89","2027-02-02","20261008","51"
"longo_restinga_s20261008_p250","250","1","urgency-baseline","0.05","261","250","11","0","100","2556","100","16.63","8.31","1479.49","45.002","3.75","12","91","2027-02-04","20261008","51"
"longo_restinga_s20261008_p250","250","1","urgency-baseline","0.1","261","250","18","0","100","2432","100","13.1","8.31","1403.74","65.69","3.864","17","90","2027-02-03","20261008","51"
"longo_restinga_s20261009_p250","250","1","main-heuristic","0","261","250","0","0","100","2136","100","53.61","5.31","1076.93","22145.82","22145.82","1","88","2027-02-01","20261009","67"
"longo_restinga_s20261009_p250","250","1","main-heuristic","0.05","261","250","15","0","100","2519","100","45.51","6.62","1146.85","89489.844","5965.99","15","88","2027-02-01","20261009","67"
"longo_restinga_s20261009_p250","250","1","main-heuristic","0.1","261","250","32","0","100","2693","100","43.22","7.05","1199.2","152468.039","5082.268","30","88","2027-02-01","20261009","67"
"longo_restinga_s20261009_p250","250","1","nearest-baseline","0","261","250","0","0","100","3352","100","35.45","10.02","1268.88","20.882","20.882","1","92","2027-02-05","20261009","67"
"longo_restinga_s20261009_p250","250","1","nearest-baseline","0.05","261","250","8","0","100","3782","100","30.53","12.38","1283.84","70.906","7.878","9","94","2027-02-09","20261009","67"
"longo_restinga_s20261009_p250","250","1","nearest-baseline","0.1","261","250","22","0","100","4144","100","28.01","13.99","1338.56","179.205","7.792","23","97","2027-02-12","20261009","67"
"longo_restinga_s20261009_p250","250","1","urgency-baseline","0","261","250","0","0","100","3898","100","29.21","11.26","1375.56","7.327","7.327","1","88","2027-02-01","20261009","67"
"longo_restinga_s20261009_p250","250","1","urgency-baseline","0.05","261","250","14","0","100","5097","100","3.83","18.07","1417.79","46.547","3.879","12","89","2027-02-02","20261009","67"
"longo_restinga_s20261009_p250","250","1","urgency-baseline","0.1","261","250","36","0","100","5971","100","2.74","21.69","1523.71","126.01","3.706","34","95","2027-02-10","20261009","67"
"longo_restinga_s20261010_p250","250","1","main-heuristic","0","261","250","0","0","100","2222","100","53.47","5.65","1150.97","22137.783","22137.783","1","87","2027-01-29","20261010","72"
"longo_restinga_s20261010_p250","250","1","main-heuristic","0.05","261","250","13","0","100","2396","100","46.29","6.02","1110.46","144342.428","10310.173","14","87","2027-01-29","20261010","72"
"longo_restinga_s20261010_p250","250","1","main-heuristic","0.1","261","250","28","0","100","2875","100","44.99","7.43","1196.95","179463.534","7477.647","24","87","2027-01-29","20261010","72"
"longo_restinga_s20261010_p250","250","1","nearest-baseline","0","261","250","0","0","100","3423","100","33.69","10.52","1296.19","20.374","20.374","1","91","2027-02-04","20261010","72"
"longo_restinga_s20261010_p250","250","1","nearest-baseline","0.05","261","250","11","0","100","3943","100","25.8","13.93","1316.49","95.539","7.962","12","93","2027-02-08","20261010","72"
"longo_restinga_s20261010_p250","250","1","nearest-baseline","0.1","261","250","25","0","100","4915","100","24.62","17.94","1404.22","179.727","7.489","24","98","2027-02-15","20261010","72"
"longo_restinga_s20261010_p250","250","1","urgency-baseline","0","261","250","0","0","100","3499","100","27.68","9.83","1302.23","7.287","7.287","1","88","2027-02-01","20261010","72"
"longo_restinga_s20261010_p250","250","1","urgency-baseline","0.05","261","250","7","0","100","3600","100","12.13","11.31","1360.12","25.128","3.141","8","88","2027-02-01","20261010","72"
"longo_restinga_s20261010_p250","250","1","urgency-baseline","0.1","261","250","25","0","100","4875","100","1.18","17.27","1451.66","77.178","3.356","23","90","2027-02-03","20261010","72"
