kind,comparator,metric,factor,level,n,meanGain,medianGain,q1,q3,wins,ties,losses
static,nearest-baseline,coveragePercentage,all,all,324,0.891666666666668,0,0,1.1099999999999994,82,242,0
static,nearest-baseline,coveragePercentage,patientCount,15,81,0.9879012345679014,0,0,0,10,71,0
static,nearest-baseline,coveragePercentage,patientCount,30,81,0.9466666666666668,0,0,0,19,62,0
static,nearest-baseline,coveragePercentage,patientCount,45,81,1.20679012345679,0,0,2.219999999999999,32,49,0
static,nearest-baseline,coveragePercentage,patientCount,90,81,0.42530864197530865,0,0,1.1099999999999994,21,60,0
static,nearest-baseline,coveragePercentage,areaMultiplier,0.5,108,0.6379629629629631,0,0,0,21,87,0
static,nearest-baseline,coveragePercentage,areaMultiplier,1,108,1.0596296296296297,0,0,2.219999999999999,37,71,0
static,nearest-baseline,coveragePercentage,areaMultiplier,2,108,0.9774074074074074,0,0,0,24,84,0
static,nearest-baseline,coveragePercentage,planningDays,5,108,1.7385185185185184,0,0,2.219999999999999,46,62,0
static,nearest-baseline,coveragePercentage,planningDays,10,108,0.7615740740740742,0,0,0,26,82,0
static,nearest-baseline,coveragePercentage,planningDays,22,108,0.1749074074074074,0,0,0,10,98,0
static,nearest-baseline,coveragePercentage,overdueFraction,0,108,1.1624074074074073,0,0,2.219999999999999,34,74,0
static,nearest-baseline,coveragePercentage,overdueFraction,0.25,108,0.9157407407407407,0,0,1.1099999999999994,33,75,0
static,nearest-baseline,coveragePercentage,overdueFraction,0.5,108,0.596851851851852,0,0,0,15,93,0
static,nearest-baseline,priorityWeightedPromptCoveragePercentage,all,all,324,11.102962962962977,7.770000000000003,5.459999999999994,14.6575,309,15,0
static,nearest-baseline,priorityWeightedPromptCoveragePercentage,patientCount,15,81,18.21851851851851,16.330000000000005,5.459999999999994,29.089999999999996,66,15,0
static,nearest-baseline,priorityWeightedPromptCoveragePercentage,patientCount,30,81,12.011851851851858,10.68,7.769999999999996,15.18,81,0,0
static,nearest-baseline,priorityWeightedPromptCoveragePercentage,patientCount,45,81,9.006543209876543,7.360000000000003,5.519999999999996,11.04,81,0,0
static,nearest-baseline,priorityWeightedPromptCoveragePercentage,patientCount,90,81,5.17493827160494,5.350000000000001,4.050000000000001,6.690000000000001,81,0,0
static,nearest-baseline,priorityWeightedPromptCoveragePercentage,areaMultiplier,0.5,108,13.818055555555539,7.980000000000004,5.82,17.86,108,0,0
static,nearest-baseline,priorityWeightedPromptCoveragePercentage,areaMultiplier,1,108,10.566388888888882,9.015,5.210000000000001,14.8275,96,12,0
static,nearest-baseline,priorityWeightedPromptCoveragePercentage,areaMultiplier,2,108,8.924444444444447,6.58,5.405000000000002,13.39,105,3,0
static,nearest-baseline,priorityWeightedPromptCoveragePercentage,planningDays,5,108,11.123148148148143,7.77,5.457499999999996,14.64,103,5,0
static,nearest-baseline,priorityWeightedPromptCoveragePercentage,planningDays,10,108,11.089351851851847,7.77,5.457499999999996,14.805000000000001,103,5,0
static,nearest-baseline,priorityWeightedPromptCoveragePercentage,planningDays,22,108,11.096388888888884,7.780000000000002,5.5049999999999955,14.6575,103,5,0
static,nearest-baseline,priorityWeightedPromptCoveragePercentage,overdueFraction,0,108,14.648888888888875,10.86,6.177499999999999,18.869999999999997,105,3,0
static,nearest-baseline,priorityWeightedPromptCoveragePercentage,overdueFraction,0.25,108,10.284259259259253,7.34,5.260000000000002,13.9375,105,3,0
static,nearest-baseline,priorityWeightedPromptCoveragePercentage,overdueFraction,0.5,108,8.375740740740746,7.36,4.67,9.165,99,9,0
static,nearest-baseline,priorityWeightedActionableDelayDays,all,all,324,0.45197530864197566,0.32499999999999996,0.1499999999999999,0.6400000000000006,312,8,4
static,nearest-baseline,priorityWeightedActionableDelayDays,patientCount,15,81,0.4639506172839506,0.3299999999999996,0.1499999999999999,0.69,73,8,0
static,nearest-baseline,priorityWeightedActionableDelayDays,patientCount,30,81,0.5111111111111111,0.43999999999999995,0.17999999999999972,0.7599999999999998,78,0,3
static,nearest-baseline,priorityWeightedActionableDelayDays,patientCount,45,81,0.5227160493827162,0.3799999999999999,0.19999999999999973,0.6699999999999999,81,0,0
static,nearest-baseline,priorityWeightedActionableDelayDays,patientCount,90,81,0.3101234567901235,0.1900000000000004,0.08999999999999986,0.4599999999999991,80,0,1
static,nearest-baseline,priorityWeightedActionableDelayDays,areaMultiplier,0.5,108,0.3880555555555557,0.3200000000000003,0.1499999999999999,0.5550000000000006,104,0,4
static,nearest-baseline,priorityWeightedActionableDelayDays,areaMultiplier,1,108,0.4670370370370374,0.33499999999999996,0.17999999999999972,0.6750000000000003,104,4,0
static,nearest-baseline,priorityWeightedActionableDelayDays,areaMultiplier,2,108,0.5008333333333332,0.31500000000000117,0.1449999999999999,0.6749999999999999,104,4,0
static,nearest-baseline,priorityWeightedActionableDelayDays,planningDays,5,108,0.23842592592592593,0.17499999999999982,0.08000000000000007,0.33000000000000007,102,4,2
static,nearest-baseline,priorityWeightedActionableDelayDays,planningDays,10,108,0.4289814814814817,0.33000000000000007,0.17749999999999977,0.6075000000000004,105,2,1
static,nearest-baseline,priorityWeightedActionableDelayDays,planningDays,22,108,0.6885185185185184,0.6199999999999997,0.3075,1.0025,105,2,1
static,nearest-baseline,priorityWeightedActionableDelayDays,overdueFraction,0,108,0.5157407407407409,0.4500000000000002,0.18999999999999995,0.76,105,3,0
static,nearest-baseline,priorityWeightedActionableDelayDays,overdueFraction,0.25,108,0.4312962962962963,0.32499999999999996,0.15000000000000008,0.6400000000000002,104,3,1
static,nearest-baseline,priorityWeightedActionableDelayDays,overdueFraction,0.5,108,0.40888888888888897,0.23999999999999977,0.11000000000000021,0.5050000000000001,103,2,3
static,nearest-baseline,totalTravelDistanceKm,all,all,324,-1.2222222222222219,0,0,1.530000000000003,130,131,63
static,nearest-baseline,totalTravelDistanceKm,patientCount,15,81,-0.3903703703703712,0,0,3.5400000000000063,38,33,10
static,nearest-baseline,totalTravelDistanceKm,patientCount,30,81,-1.426172839506172,0,0,1.160000000000025,30,35,16
static,nearest-baseline,totalTravelDistanceKm,patientCount,45,81,-3.1167901234567905,0,-11.930000000000007,0.5100000000000016,26,28,27
static,nearest-baseline,totalTravelDistanceKm,patientCount,90,81,0.04444444444444499,0,0,1.160000000000025,36,35,10
static,nearest-baseline,totalTravelDistanceKm,areaMultiplier,0.5,108,0.7707407407407402,0,0,3.539999999999999,53,45,10
static,nearest-baseline,totalTravelDistanceKm,areaMultiplier,1,108,-2.754537037037037,0,-11.39,0.8824999999999648,38,39,31
static,nearest-baseline,totalTravelDistanceKm,areaMultiplier,2,108,-1.6828703703703705,0,0,1.160000000000025,39,47,22
static,nearest-baseline,totalTravelDistanceKm,planningDays,5,108,-2.0976851851851857,0,-0.6625000000000005,0.5650000000000004,37,42,29
static,nearest-baseline,totalTravelDistanceKm,planningDays,10,108,-1.9312962962962965,0,0,1.2474999999999987,40,44,24
static,nearest-baseline,totalTravelDistanceKm,planningDays,22,108,0.36231481481481503,0,0,3.539999999999994,53,45,10
static,nearest-baseline,totalTravelDistanceKm,overdueFraction,0,108,-2.196203703703704,0,-2.107499999999998,2.75,44,34,30
static,nearest-baseline,totalTravelDistanceKm,overdueFraction,0.25,108,-1.326759259259259,0,0,1.6999999999999975,45,41,22
static,nearest-baseline,totalTravelDistanceKm,overdueFraction,0.5,108,-0.1437037037037038,0,0,1.2475000000000183,41,56,11
static,nearest-baseline,planningTimeMs,all,all,324,-21.26444135802469,-7.5965,-23.205750000000002,-3.036,0,0,324
static,nearest-baseline,planningTimeMs,patientCount,15,81,-2.784814814814814,-2.172,-3.9970000000000003,-1.244,0,0,81
static,nearest-baseline,planningTimeMs,patientCount,30,81,-9.490851851851852,-6.547000000000001,-15.103000000000002,-2.7800000000000002,0,0,81
static,nearest-baseline,planningTimeMs,patientCount,45,81,-19.279604938271607,-11.591,-29.283,-4.676,0,0,81
static,nearest-baseline,planningTimeMs,patientCount,90,81,-53.5024938271605,-30.315,-72.45400000000001,-10.504999999999999,0,0,81
static,nearest-baseline,planningTimeMs,areaMultiplier,0.5,108,-32.749638888888896,-9.233,-33.3245,-4.1955,0,0,108
static,nearest-baseline,planningTimeMs,areaMultiplier,1,108,-19.57153703703704,-7.3694999999999995,-23.939749999999997,-2.935,0,0,108
static,nearest-baseline,planningTimeMs,areaMultiplier,2,108,-11.472148148148145,-5.988,-16.03075,-2.2997499999999995,0,0,108
static,nearest-baseline,planningTimeMs,planningDays,5,108,-4.631222222222222,-3.0635,-7.9015,-1.6055000000000001,0,0,108
static,nearest-baseline,planningTimeMs,planningDays,10,108,-16.191370370370365,-6.8195,-22.12825,-3.4312499999999995,0,0,108
static,nearest-baseline,planningTimeMs,planningDays,22,108,-42.97073148148147,-23.924,-48.32725,-8.03125,0,0,108
static,nearest-baseline,planningTimeMs,overdueFraction,0,108,-20.094398148148144,-7.798,-22.854,-3.4170000000000003,0,0,108
static,nearest-baseline,planningTimeMs,overdueFraction,0.25,108,-21.839944444444445,-7.1770000000000005,-23.205750000000002,-3.0207499999999996,0,0,108
static,nearest-baseline,planningTimeMs,overdueFraction,0.5,108,-21.85898148148148,-7.374,-24.2105,-2.8745000000000003,0,0,108
static,urgency-baseline,coveragePercentage,all,all,324,11.59469135802469,10,0,20,210,114,0
static,urgency-baseline,coveragePercentage,patientCount,15,81,1.8109876543209884,0,0,0,13,68,0
static,urgency-baseline,coveragePercentage,patientCount,30,81,9.588641975308644,6.670000000000002,0,16.67,47,34,0
static,urgency-baseline,coveragePercentage,patientCount,45,81,13.771604938271603,13.329999999999998,4.450000000000003,22.22,69,12,0
static,urgency-baseline,coveragePercentage,patientCount,90,81,21.207530864197533,20,16.659999999999997,25.560000000000002,81,0,0
static,urgency-baseline,coveragePercentage,areaMultiplier,0.5,108,12.314907407407405,7.219999999999999,0,23.895000000000003,57,51,0
static,urgency-baseline,coveragePercentage,areaMultiplier,1,108,13.107314814814812,15.555,0,22.22,75,33,0
static,urgency-baseline,coveragePercentage,areaMultiplier,2,108,9.361851851851851,10,0,15.834999999999999,78,30,0
static,urgency-baseline,coveragePercentage,planningDays,5,108,17.04712962962963,17.78,13.329999999999998,23.3325,92,16,0
static,urgency-baseline,coveragePercentage,planningDays,10,108,12.654537037037038,10,0,22.22,76,32,0
static,urgency-baseline,coveragePercentage,planningDays,22,108,5.082407407407408,0,0,8.047499999999996,42,66,0
static,urgency-baseline,coveragePercentage,overdueFraction,0,108,11.234629629629628,10.555,0,20,72,36,0
static,urgency-baseline,coveragePercentage,overdueFraction,0.25,108,11.440185185185184,10,0,20,66,42,0
static,urgency-baseline,coveragePercentage,overdueFraction,0.5,108,12.10925925925926,11.11,0,20.2775,72,36,0
static,urgency-baseline,priorityWeightedPromptCoveragePercentage,all,all,324,19.017962962962958,15.72,10.59,25.25,315,6,3
static,urgency-baseline,priorityWeightedPromptCoveragePercentage,patientCount,15,81,25.510000000000005,28.580000000000002,9.440000000000005,40,78,3,0
static,urgency-baseline,priorityWeightedPromptCoveragePercentage,patientCount,30,81,22.50296296296295,24.11,16.07,30.36,78,0,3
static,urgency-baseline,priorityWeightedPromptCoveragePercentage,patientCount,45,81,16.847283950617292,17.69,11.649999999999999,21.950000000000003,78,3,0
static,urgency-baseline,priorityWeightedPromptCoveragePercentage,patientCount,90,81,11.2116049382716,11.43,7.940000000000001,13.7,81,0,0
static,urgency-baseline,priorityWeightedPromptCoveragePercentage,areaMultiplier,0.5,108,17.771388888888904,15.13,10.232500000000003,22.450000000000003,102,3,3
static,urgency-baseline,priorityWeightedPromptCoveragePercentage,areaMultiplier,1,108,21.90166666666666,18.064999999999998,13.169999999999996,28.275000000000002,105,3,0
static,urgency-baseline,priorityWeightedPromptCoveragePercentage,areaMultiplier,2,108,17.380833333333346,14.95,9.43,24.9375,108,0,0
static,urgency-baseline,priorityWeightedPromptCoveragePercentage,planningDays,5,108,19.038148148148156,15.555,10.8225,25.2425,105,2,1
static,urgency-baseline,priorityWeightedPromptCoveragePercentage,planningDays,10,108,19.00435185185186,15.895,10.56,25.34,105,2,1
static,urgency-baseline,priorityWeightedPromptCoveragePercentage,planningDays,22,108,19.011388888888902,15.530000000000001,10.56,25.34,105,2,1
static,urgency-baseline,priorityWeightedPromptCoveragePercentage,overdueFraction,0,108,16.12305555555557,12.849999999999998,7.919999999999999,22.5925,99,6,3
static,urgency-baseline,priorityWeightedPromptCoveragePercentage,overdueFraction,0.25,108,18.178425925925936,15.235,11.43,23.975,108,0,0
static,urgency-baseline,priorityWeightedPromptCoveragePercentage,overdueFraction,0.5,108,22.752407407407397,20.009999999999998,14.142500000000002,30.36,108,0,0
static,urgency-baseline,priorityWeightedActionableDelayDays,all,all,324,1.6437037037037046,1.17,0.5675,2.1525,321,3,0
static,urgency-baseline,priorityWeightedActionableDelayDays,patientCount,15,81,0.6933333333333328,0.56,0.2899999999999999,1.01,78,3,0
static,urgency-baseline,priorityWeightedActionableDelayDays,patientCount,30,81,1.3830864197530865,1.2000000000000002,0.79,1.85,81,0,0
static,urgency-baseline,priorityWeightedActionableDelayDays,patientCount,45,81,1.8659259259259258,1.8099999999999996,0.79,2.66,81,0,0
static,urgency-baseline,priorityWeightedActionableDelayDays,patientCount,90,81,2.6324691358024683,2.01,0.6499999999999999,3.879999999999999,81,0,0
static,urgency-baseline,priorityWeightedActionableDelayDays,areaMultiplier,0.5,108,1.6349074074074073,1.045,0.56,2.325,108,0,0
static,urgency-baseline,priorityWeightedActionableDelayDays,areaMultiplier,1,108,1.913703703703703,1.4299999999999997,0.7000000000000002,2.469999999999999,105,3,0
static,urgency-baseline,priorityWeightedActionableDelayDays,areaMultiplier,2,108,1.3825,1.1349999999999998,0.48,1.7099999999999995,108,0,0
static,urgency-baseline,priorityWeightedActionableDelayDays,planningDays,5,108,0.6487037037037034,0.5850000000000002,0.4099999999999999,0.8599999999999999,107,1,0
static,urgency-baseline,priorityWeightedActionableDelayDays,planningDays,10,108,1.5699999999999994,1.6049999999999998,0.9924999999999999,2.1325000000000003,107,1,0
static,urgency-baseline,priorityWeightedActionableDelayDays,planningDays,22,108,2.7124074074074067,2.27,1.0999999999999996,3.759999999999999,107,1,0
static,urgency-baseline,priorityWeightedActionableDelayDays,overdueFraction,0,108,1.2686111111111111,0.9099999999999999,0.48750000000000027,1.7525000000000002,108,0,0
static,urgency-baseline,priorityWeightedActionableDelayDays,overdueFraction,0.25,108,1.5900925925925922,0.97,0.5275000000000002,2.245,105,3,0
static,urgency-baseline,priorityWeightedActionableDelayDays,overdueFraction,0.5,108,2.0724074074074075,1.5550000000000006,0.8999999999999999,2.8499999999999996,108,0,0
static,urgency-baseline,totalTravelDistanceKm,all,all,324,21.21253086419753,14.175000000000008,4.607499999999995,32.345000000000006,282,24,18
static,urgency-baseline,totalTravelDistanceKm,patientCount,15,81,2.847530864197532,1.7999999999999972,0,5.050000000000004,47,24,10
static,urgency-baseline,totalTravelDistanceKm,patientCount,30,81,11.176913580246918,11.61,5.050000000000011,15.3,77,0,4
static,urgency-baseline,totalTravelDistanceKm,patientCount,45,81,19.91987654320988,20.809999999999988,13.07,27.14,77,0,4
static,urgency-baseline,totalTravelDistanceKm,patientCount,90,81,50.9058024691358,50.519999999999996,40.49000000000001,60.21999999999997,81,0,0
static,urgency-baseline,totalTravelDistanceKm,areaMultiplier,0.5,108,20.83203703703703,16.415000000000013,6.539999999999994,28.112500000000004,106,0,2
static,urgency-baseline,totalTravelDistanceKm,areaMultiplier,1,108,22.948148148148157,14.755,1.0699999999999932,40.31,86,11,11
static,urgency-baseline,totalTravelDistanceKm,areaMultiplier,2,108,19.857407407407415,13.565000000000001,2.670000000000016,35.16499999999999,90,13,5
static,urgency-baseline,totalTravelDistanceKm,planningDays,5,108,23.32814814814815,24.564999999999998,12.25,34.0425,98,4,6
static,urgency-baseline,totalTravelDistanceKm,planningDays,10,108,24.22777777777778,14.095000000000013,3.4124999999999996,41.145,91,10,7
static,urgency-baseline,totalTravelDistanceKm,planningDays,22,108,16.081666666666663,8.335000000000022,2.670000000000016,22.194999999999965,93,10,5
static,urgency-baseline,totalTravelDistanceKm,overdueFraction,0,108,19.902962962962963,14.00000000000001,5.049999999999997,31.075000000000003,92,7,9
static,urgency-baseline,totalTravelDistanceKm,overdueFraction,0.25,108,20.201666666666664,12.990000000000009,1.7999999999999972,32.0175,91,11,6
static,urgency-baseline,totalTravelDistanceKm,overdueFraction,0.5,108,23.53296296296297,17.44,5.050000000000004,38.72000000000002,99,6,3
static,urgency-baseline,planningTimeMs,all,all,324,-21.691592592592585,-7.9784999999999995,-23.629250000000003,-3.1525,0,0,324
static,urgency-baseline,planningTimeMs,patientCount,15,81,-2.818691358024691,-2.214,-4.036,-1.279,0,0,81
static,urgency-baseline,planningTimeMs,patientCount,30,81,-9.648691358024688,-6.716,-15.268,-2.941,0,0,81
static,urgency-baseline,planningTimeMs,patientCount,45,81,-19.62037037037037,-11.966999999999999,-29.655,-4.930000000000001,0,0,81
static,urgency-baseline,planningTimeMs,patientCount,90,81,-54.678617283950636,-31.542,-73.52900000000001,-11.476999999999999,0,0,81
static,urgency-baseline,planningTimeMs,areaMultiplier,0.5,108,-33.238481481481486,-10.1385,-33.69025,-4.361750000000001,0,0,108
static,urgency-baseline,planningTimeMs,areaMultiplier,1,108,-19.9965462962963,-7.606999999999999,-24.1455,-3.0882500000000004,0,0,108
static,urgency-baseline,planningTimeMs,areaMultiplier,2,108,-11.839749999999995,-6.0785,-16.74525,-2.428,0,0,108
static,urgency-baseline,planningTimeMs,planningDays,5,108,-4.984814814814815,-3.312,-8.5,-1.7069999999999999,0,0,108
static,urgency-baseline,planningTimeMs,planningDays,10,108,-16.64111111111111,-7.066,-22.8125,-3.4877499999999997,0,0,108
static,urgency-baseline,planningTimeMs,planningDays,22,108,-43.448851851851835,-24.415,-49.30325,-8.18325,0,0,108
static,urgency-baseline,planningTimeMs,overdueFraction,0,108,-20.521166666666673,-8.1625,-23.09625,-3.7165000000000004,0,0,108
static,urgency-baseline,planningTimeMs,overdueFraction,0.25,108,-22.265398148148147,-7.5760000000000005,-23.7185,-3.0785,0,0,108
static,urgency-baseline,planningTimeMs,overdueFraction,0.5,108,-22.288212962962962,-7.593,-24.4245,-2.98675,0,0,108
dynamic,nearest-baseline,realCoveragePercentage,all,all,972,0.9007613168724299,0,0,1.1099999999999994,271,619,82
dynamic,nearest-baseline,realCoveragePercentage,patientCount,15,243,0.9604115226337451,0,0,0,30,210,3
dynamic,nearest-baseline,realCoveragePercentage,patientCount,30,243,0.9328395061728392,0,0,0,59,170,14
dynamic,nearest-baseline,realCoveragePercentage,patientCount,45,243,1.4172839506172856,0,0,2.219999999999999,108,112,23
dynamic,nearest-baseline,realCoveragePercentage,patientCount,90,243,0.29251028806584356,0,0,1.1099999999999994,74,127,42
dynamic,nearest-baseline,realCoveragePercentage,areaMultiplier,0.5,324,0.8538271604938275,0,0,0,66,237,21
dynamic,nearest-baseline,realCoveragePercentage,areaMultiplier,1,324,1.042561728395062,0,0,2.219999999999999,116,184,24
dynamic,nearest-baseline,realCoveragePercentage,areaMultiplier,2,324,0.8058950617283954,0,0,1.1099999999999994,89,198,37
dynamic,nearest-baseline,realCoveragePercentage,planningDays,5,324,1.8447222222222266,0,0,2.2225,135,175,14
dynamic,nearest-baseline,realCoveragePercentage,planningDays,10,324,0.6518518518518523,0,0,1.1099999999999994,84,208,32
dynamic,nearest-baseline,realCoveragePercentage,planningDays,22,324,0.20570987654320985,0,0,0,52,236,36
dynamic,nearest-baseline,realCoveragePercentage,overdueFraction,0,324,1.1829629629629643,0,0,2.219999999999999,111,188,25
dynamic,nearest-baseline,realCoveragePercentage,overdueFraction,0.25,324,0.8814814814814821,0,0,2.219999999999999,96,208,20
dynamic,nearest-baseline,realCoveragePercentage,overdueFraction,0.5,324,0.6378395061728394,0,0,0,64,223,37
dynamic,nearest-baseline,realCoveragePercentage,missRate,0,324,1.0151851851851872,0,0,1.1099999999999994,87,236,1
dynamic,nearest-baseline,realCoveragePercentage,missRate,0.05,324,0.6925308641975305,0,0,1.1099999999999994,83,207,34
dynamic,nearest-baseline,realCoveragePercentage,missRate,0.1,324,0.994567901234568,0,0,2.219999999999999,101,176,47
dynamic,nearest-baseline,realPriorityWeightedPromptCoveragePercentage,all,all,972,9.649413580246945,6.619999999999999,3.950000000000001,13.39,899,64,9
dynamic,nearest-baseline,realPriorityWeightedPromptCoveragePercentage,patientCount,15,243,15.261975308641956,12.249999999999993,0,24.49000000000001,180,60,3
dynamic,nearest-baseline,realPriorityWeightedPromptCoveragePercentage,patientCount,30,243,10.788847736625513,9.7,5.880000000000003,13.725,243,0,0
dynamic,nearest-baseline,realPriorityWeightedPromptCoveragePercentage,patientCount,45,243,7.866954732510284,6.709999999999997,3.9499999999999993,11.850000000000001,239,4,0
dynamic,nearest-baseline,realPriorityWeightedPromptCoveragePercentage,patientCount,90,243,4.679876543209873,4.68,3.17,6.229999999999999,237,0,6
dynamic,nearest-baseline,realPriorityWeightedPromptCoveragePercentage,areaMultiplier,0.5,324,12.897376543209882,8.850000000000001,4.59,15.100000000000001,324,0,0
dynamic,nearest-baseline,realPriorityWeightedPromptCoveragePercentage,areaMultiplier,1,324,9.062499999999995,7.93,3.120000000000001,13.39,271,44,9
dynamic,nearest-baseline,realPriorityWeightedPromptCoveragePercentage,areaMultiplier,2,324,6.9883641975308555,5.830000000000002,4.050000000000001,7.770000000000001,304,20,0
dynamic,nearest-baseline,realPriorityWeightedPromptCoveragePercentage,planningDays,5,324,9.471111111111105,6.460000000000001,3.9499999999999993,12.695000000000004,299,20,5
dynamic,nearest-baseline,realPriorityWeightedPromptCoveragePercentage,planningDays,10,324,9.674259259259259,6.699999999999999,3.9950000000000014,13.39,299,23,2
dynamic,nearest-baseline,realPriorityWeightedPromptCoveragePercentage,planningDays,22,324,9.802870370370371,6.709999999999997,4.050000000000001,13.39,301,21,2
dynamic,nearest-baseline,realPriorityWeightedPromptCoveragePercentage,overdueFraction,0,324,13.427191358024706,9.439999999999998,6.020000000000001,15.530000000000001,311,13,0
dynamic,nearest-baseline,realPriorityWeightedPromptCoveragePercentage,overdueFraction,0.25,324,8.69197530864198,6.169999999999999,3.6799999999999997,12.5325,291,27,6
dynamic,nearest-baseline,realPriorityWeightedPromptCoveragePercentage,overdueFraction,0.5,324,6.829074074074056,5.020000000000001,3.280000000000001,8.820000000000004,297,24,3
dynamic,nearest-baseline,realPriorityWeightedPromptCoveragePercentage,missRate,0,324,9.909012345679,6.709999999999997,4.080000000000002,12.957500000000003,298,22,4
dynamic,nearest-baseline,realPriorityWeightedPromptCoveragePercentage,missRate,0.05,324,9.566018518518513,6.234999999999999,3.679999999999999,13.39,298,22,4
dynamic,nearest-baseline,realPriorityWeightedPromptCoveragePercentage,missRate,0.1,324,9.473209876543216,6.710000000000001,4.072500000000002,13.39,303,20,1
dynamic,nearest-baseline,realPriorityWeightedActionableDelayDays,all,all,972,0.5453395061728395,0.3899999999999997,0.16999999999999993,0.7324999999999999,943,6,23
dynamic,nearest-baseline,realPriorityWeightedActionableDelayDays,patientCount,15,243,0.5399588477366255,0.37,0.22999999999999998,0.72,230,6,7
dynamic,nearest-baseline,realPriorityWeightedActionableDelayDays,patientCount,30,243,0.6390946502057614,0.54,0.21500000000000008,0.9050000000000002,231,0,12
dynamic,nearest-baseline,realPriorityWeightedActionableDelayDays,patientCount,45,243,0.6708230452674898,0.4400000000000004,0.20500000000000007,0.8300000000000001,241,0,2
dynamic,nearest-baseline,realPriorityWeightedActionableDelayDays,patientCount,90,243,0.3314814814814815,0.22999999999999954,0.10999999999999988,0.47999999999999954,241,0,2
dynamic,nearest-baseline,realPriorityWeightedActionableDelayDays,areaMultiplier,0.5,324,0.44601851851851865,0.37000000000000033,0.17000000000000037,0.6599999999999999,318,0,6
dynamic,nearest-baseline,realPriorityWeightedActionableDelayDays,areaMultiplier,1,324,0.5618518518518519,0.41000000000000014,0.22999999999999998,0.8099999999999997,315,0,9
dynamic,nearest-baseline,realPriorityWeightedActionableDelayDays,areaMultiplier,2,324,0.6281481481481485,0.32000000000000006,0.14000000000000012,0.8675000000000009,310,6,8
dynamic,nearest-baseline,realPriorityWeightedActionableDelayDays,planningDays,5,324,0.24092592592592624,0.17999999999999972,0.08999999999999986,0.3299999999999996,310,6,8
dynamic,nearest-baseline,realPriorityWeightedActionableDelayDays,planningDays,10,324,0.48175925925925894,0.3899999999999997,0.21749999999999936,0.6499999999999996,315,0,9
dynamic,nearest-baseline,realPriorityWeightedActionableDelayDays,planningDays,22,324,0.9133333333333338,0.7550000000000001,0.41000000000000014,1.255,318,0,6
dynamic,nearest-baseline,realPriorityWeightedActionableDelayDays,overdueFraction,0,324,0.6325000000000001,0.5,0.25,0.8900000000000001,324,0,0
dynamic,nearest-baseline,realPriorityWeightedActionableDelayDays,overdueFraction,0.25,324,0.5269135802469139,0.3800000000000008,0.16000000000000003,0.7225000000000001,317,3,4
dynamic,nearest-baseline,realPriorityWeightedActionableDelayDays,overdueFraction,0.5,324,0.4766049382716044,0.28000000000000114,0.11000000000000032,0.5949999999999998,302,3,19
dynamic,nearest-baseline,realPriorityWeightedActionableDelayDays,missRate,0,324,0.5548148148148151,0.375,0.17999999999999988,0.7349999999999999,322,2,0
dynamic,nearest-baseline,realPriorityWeightedActionableDelayDays,missRate,0.05,324,0.5249382716049388,0.36999999999999983,0.16749999999999998,0.7150000000000005,316,2,6
dynamic,nearest-baseline,realPriorityWeightedActionableDelayDays,missRate,0.1,324,0.5562654320987657,0.4,0.1600000000000008,0.7499999999999999,305,2,17
dynamic,nearest-baseline,realTravelDistanceKm,all,all,972,-3.3254012345679116,0,-11.83250000000003,0.4500000000000064,284,215,473
dynamic,nearest-baseline,realTravelDistanceKm,patientCount,15,243,-1.118641975308642,0,-1.1199999999999992,3.8900000000000006,98,69,76
dynamic,nearest-baseline,realTravelDistanceKm,patientCount,30,243,-2.860370370370369,0,-11.120000000000001,0.9399999999999977,74,57,112
dynamic,nearest-baseline,realTravelDistanceKm,patientCount,45,243,-6.128930041152266,-1.509999999999991,-12.989999999999998,0,46,44,153
dynamic,nearest-baseline,realTravelDistanceKm,patientCount,90,243,-3.193662551440329,-0.7099999999999937,-4.750000000000005,0.4299999999999997,66,45,132
dynamic,nearest-baseline,realTravelDistanceKm,areaMultiplier,0.5,324,0.11966049382716053,0.010000000000001563,-0.6750000000000007,3.5674999999999972,163,76,85
dynamic,nearest-baseline,realTravelDistanceKm,areaMultiplier,1,324,-5.798611111111107,-2.1499999999999986,-13.339999999999996,0,60,57,207
dynamic,nearest-baseline,realTravelDistanceKm,areaMultiplier,2,324,-4.2972530864197545,-0.7100000000000009,-12.989999999999995,0,61,82,181
dynamic,nearest-baseline,realTravelDistanceKm,planningDays,5,324,-3.2762037037037066,0,-6.9375,0.002500000000000391,81,83,160
dynamic,nearest-baseline,realTravelDistanceKm,planningDays,10,324,-4.721697530864196,-0.710000000000008,-12.719999999999999,0.1750000000000025,83,67,174
dynamic,nearest-baseline,realTravelDistanceKm,planningDays,22,324,-1.9783024691358033,0,-6.940000000000012,3.539999999999992,120,65,139
dynamic,nearest-baseline,realTravelDistanceKm,overdueFraction,0,324,-4.50996913580247,-0.7100000000000009,-13.010000000000005,0.4399999999999986,93,60,171
dynamic,nearest-baseline,realTravelDistanceKm,overdueFraction,0.25,324,-1.8373148148148146,0,-10.409999999999997,2.1700000000000035,107,84,133
dynamic,nearest-baseline,realTravelDistanceKm,overdueFraction,0.5,324,-3.6289197530864223,-0.4399999999999977,-11.422500000000007,0.42249999999999854,84,71,169
dynamic,nearest-baseline,realTravelDistanceKm,missRate,0,324,-2.8939814814814806,0,-8.854999999999997,0.4675000000000118,102,88,134
dynamic,nearest-baseline,realTravelDistanceKm,missRate,0.05,324,-3.520246913580248,-0.4400000000000013,-11.990000000000002,0.370000000000001,85,74,165
dynamic,nearest-baseline,realTravelDistanceKm,missRate,0.1,324,-3.561975308641978,-0.7100000000000009,-12.354999999999999,1.144999999999989,97,53,174
dynamic,nearest-baseline,totalPlanningTimeMs,all,all,972,-107.36586111111104,-23.966,-81.38225,-7.909000000000001,0,0,972
dynamic,nearest-baseline,totalPlanningTimeMs,patientCount,15,243,-6.910028806584365,-5.431,-9.9135,-2.4130000000000003,0,0,243
dynamic,nearest-baseline,totalPlanningTimeMs,patientCount,30,243,-31.739098765432097,-22.247999999999998,-52.329,-7.013999999999999,0,0,243
dynamic,nearest-baseline,totalPlanningTimeMs,patientCount,45,243,-85.4163004115226,-36.81099999999999,-146.17950000000002,-20.0825,0,0,243
dynamic,nearest-baseline,totalPlanningTimeMs,patientCount,90,243,-305.39801646090564,-108.14699999999999,-442.852,-41.428,0,0,243
dynamic,nearest-baseline,totalPlanningTimeMs,areaMultiplier,0.5,324,-158.18738271604946,-29.558999999999997,-88.83275,-9.40325,0,0,324
dynamic,nearest-baseline,totalPlanningTimeMs,areaMultiplier,1,324,-87.0588703703703,-24.6895,-78.87325,-6.7787500000000005,0,0,324
dynamic,nearest-baseline,totalPlanningTimeMs,areaMultiplier,2,324,-76.85133024691355,-21.881,-67.845,-6.059,0,0,324
dynamic,nearest-baseline,totalPlanningTimeMs,planningDays,5,324,-14.023429012345675,-6.937,-21.98125,-3.12075,0,0,324
dynamic,nearest-baseline,totalPlanningTimeMs,planningDays,10,324,-66.07488580246911,-27.305999999999997,-58.20675,-11.506499999999999,0,0,324
dynamic,nearest-baseline,totalPlanningTimeMs,planningDays,22,324,-241.9992685185185,-110.813,-304.01099999999997,-22.808500000000002,0,0,324
dynamic,nearest-baseline,totalPlanningTimeMs,overdueFraction,0,324,-102.95027777777776,-22.759,-82.8055,-9.591750000000001,0,0,324
dynamic,nearest-baseline,totalPlanningTimeMs,overdueFraction,0.25,324,-107.3134660493827,-23.265,-76.12025,-7.774000000000001,0,0,324
dynamic,nearest-baseline,totalPlanningTimeMs,overdueFraction,0.5,324,-111.83383950617278,-24.825,-83.1665,-6.69275,0,0,324
dynamic,nearest-baseline,totalPlanningTimeMs,missRate,0,324,-104.12957098765428,-23.9835,-78.30475,-7.91925,0,0,324
dynamic,nearest-baseline,totalPlanningTimeMs,missRate,0.05,324,-107.23824691358018,-23.532,-81.22925,-7.8985,0,0,324
dynamic,nearest-baseline,totalPlanningTimeMs,missRate,0.1,324,-110.72976543209873,-24.383499999999998,-84.33850000000001,-7.965999999999999,0,0,324
dynamic,urgency-baseline,realCoveragePercentage,all,all,972,12.497633744855966,12.780000000000001,0,22.22,635,324,13
dynamic,urgency-baseline,realCoveragePercentage,patientCount,15,243,2.3321399176954736,0,0,0,47,192,4
dynamic,urgency-baseline,realCoveragePercentage,patientCount,30,243,10.782181069958858,6.670000000000002,0,20,144,96,3
dynamic,urgency-baseline,realCoveragePercentage,patientCount,45,243,14.997201646090527,15.549999999999997,4.450000000000003,24.439999999999998,201,36,6
dynamic,urgency-baseline,realCoveragePercentage,patientCount,90,243,21.879012345678998,21.11,16.67,26.11,243,0,0
dynamic,urgency-baseline,realCoveragePercentage,areaMultiplier,0.5,324,12.997191358024686,11.665,0,24.439999999999998,178,146,0
dynamic,urgency-baseline,realCoveragePercentage,areaMultiplier,1,324,14.907129629629624,17.775,0,24.442500000000003,230,89,5
dynamic,urgency-baseline,realCoveragePercentage,areaMultiplier,2,324,9.588580246913578,10,0,15.56,227,89,8
dynamic,urgency-baseline,realCoveragePercentage,planningDays,5,324,17.99006172839507,20,11.11,24.439999999999998,282,38,4
dynamic,urgency-baseline,realCoveragePercentage,planningDays,10,324,13.738055555555553,13.329999999999998,0,23.3325,228,94,2
dynamic,urgency-baseline,realCoveragePercentage,planningDays,22,324,5.764783950617284,0,0,10.2775,125,192,7
dynamic,urgency-baseline,realCoveragePercentage,overdueFraction,0,324,13.302253086419748,13.329999999999998,0,22.22,214,107,3
dynamic,urgency-baseline,realCoveragePercentage,overdueFraction,0.25,324,12.716111111111113,12.225,0,23.33,212,108,4
dynamic,urgency-baseline,realCoveragePercentage,overdueFraction,0.5,324,11.474537037037038,10,0,20,209,109,6
dynamic,urgency-baseline,realCoveragePercentage,missRate,0,324,12.280370370370367,11.11,0,22.22,208,116,0
dynamic,urgency-baseline,realCoveragePercentage,missRate,0.05,324,12.201327160493822,11.11,0,22.22,209,111,4
dynamic,urgency-baseline,realCoveragePercentage,missRate,0.1,324,13.011203703703707,13.334999999999997,0,22.22,218,97,9
dynamic,urgency-baseline,realPriorityWeightedPromptCoveragePercentage,all,all,972,20.840617283950724,18.369999999999997,12.345,26.47,972,0,0
dynamic,urgency-baseline,realPriorityWeightedPromptCoveragePercentage,patientCount,15,243,28.446296296296282,24.53,14.290000000000003,41.51,243,0,0
dynamic,urgency-baseline,realPriorityWeightedPromptCoveragePercentage,patientCount,30,243,24.44205761316868,25.89,17.479999999999997,31.25,243,0,0
dynamic,urgency-baseline,realPriorityWeightedPromptCoveragePercentage,patientCount,45,243,18.278683127572016,18.4,14.470000000000002,21.950000000000003,243,0,0
dynamic,urgency-baseline,realPriorityWeightedPromptCoveragePercentage,patientCount,90,243,12.195432098765396,11.119999999999997,9.114999999999998,15.239999999999998,243,0,0
dynamic,urgency-baseline,realPriorityWeightedPromptCoveragePercentage,areaMultiplier,0.5,324,21.307839506172837,16.900000000000002,12.102500000000001,26.47,324,0,0
dynamic,urgency-baseline,realPriorityWeightedPromptCoveragePercentage,areaMultiplier,1,324,23.366574074074055,21.950000000000003,14.6575,30.92,324,0,0
dynamic,urgency-baseline,realPriorityWeightedPromptCoveragePercentage,areaMultiplier,2,324,17.847438271604947,15.889999999999999,10.52,23.22,324,0,0
dynamic,urgency-baseline,realPriorityWeightedPromptCoveragePercentage,planningDays,5,324,20.662314814814806,18.384999999999998,11.6625,26.47,324,0,0
dynamic,urgency-baseline,realPriorityWeightedPromptCoveragePercentage,planningDays,10,324,20.865462962962955,18.299999999999997,12.620000000000001,26.47,324,0,0
dynamic,urgency-baseline,realPriorityWeightedPromptCoveragePercentage,planningDays,22,324,20.994074074074064,18.334999999999997,12.620000000000001,26.47,324,0,0
dynamic,urgency-baseline,realPriorityWeightedPromptCoveragePercentage,overdueFraction,0,324,21.33876543209873,17.44,13.489999999999998,27.28,324,0,0
dynamic,urgency-baseline,realPriorityWeightedPromptCoveragePercentage,overdueFraction,0.25,324,20.17123456790124,18.37,12.3925,24.51,324,0,0
dynamic,urgency-baseline,realPriorityWeightedPromptCoveragePercentage,overdueFraction,0.5,324,21.011851851851862,18.41,11.4825,26.7725,324,0,0
dynamic,urgency-baseline,realPriorityWeightedPromptCoveragePercentage,missRate,0,324,21.55827160493826,18.545,12.71,27.8325,324,0,0
dynamic,urgency-baseline,realPriorityWeightedPromptCoveragePercentage,missRate,0.05,324,20.74064814814814,18.07,11.74,26.47,324,0,0
dynamic,urgency-baseline,realPriorityWeightedPromptCoveragePercentage,missRate,0.1,324,20.22293209876543,18.07,12.325000000000001,25.9725,324,0,0
dynamic,urgency-baseline,realPriorityWeightedActionableDelayDays,all,all,972,2.0689609053497944,1.4649999999999994,0.7200000000000002,2.785,972,0,0
dynamic,urgency-baseline,realPriorityWeightedActionableDelayDays,patientCount,15,243,0.9436213991769561,0.77,0.5049999999999999,1.29,243,0,0
dynamic,urgency-baseline,realPriorityWeightedActionableDelayDays,patientCount,30,243,1.9176131687242808,1.61,0.96,2.6600000000000006,243,0,0
dynamic,urgency-baseline,realPriorityWeightedActionableDelayDays,patientCount,45,243,2.460987654320988,2.1600000000000006,0.9149999999999998,3.495,243,0,0
dynamic,urgency-baseline,realPriorityWeightedActionableDelayDays,patientCount,90,243,2.9536213991769555,2.17,0.6949999999999998,5.130000000000002,243,0,0
dynamic,urgency-baseline,realPriorityWeightedActionableDelayDays,areaMultiplier,0.5,324,2.009475308641977,1.22,0.5999999999999999,2.63,324,0,0
dynamic,urgency-baseline,realPriorityWeightedActionableDelayDays,areaMultiplier,1,324,2.4486419753086412,1.815,0.8500000000000001,3.2325000000000004,324,0,0
dynamic,urgency-baseline,realPriorityWeightedActionableDelayDays,areaMultiplier,2,324,1.7487654320987658,1.36,0.7075,2.3024999999999998,324,0,0
dynamic,urgency-baseline,realPriorityWeightedActionableDelayDays,planningDays,5,324,0.7245061728395066,0.6800000000000002,0.4800000000000004,0.9299999999999999,324,0,0
dynamic,urgency-baseline,realPriorityWeightedActionableDelayDays,planningDays,10,324,1.9056481481481475,1.91,1.2999999999999998,2.5599999999999996,324,0,0
dynamic,urgency-baseline,realPriorityWeightedActionableDelayDays,planningDays,22,324,3.576728395061731,3.3449999999999998,1.6050000000000002,5.172499999999999,324,0,0
dynamic,urgency-baseline,realPriorityWeightedActionableDelayDays,overdueFraction,0,324,2.0124382716049385,1.3599999999999999,0.7000000000000002,2.785,324,0,0
dynamic,urgency-baseline,realPriorityWeightedActionableDelayDays,overdueFraction,0.25,324,2.0482098765432095,1.3400000000000003,0.6699999999999999,2.8525000000000005,324,0,0
dynamic,urgency-baseline,realPriorityWeightedActionableDelayDays,overdueFraction,0.5,324,2.146234567901234,1.5550000000000002,0.8775,2.6800000000000006,324,0,0
dynamic,urgency-baseline,realPriorityWeightedActionableDelayDays,missRate,0,324,2.0568827160493828,1.4949999999999997,0.7174999999999998,2.8049999999999997,324,0,0
dynamic,urgency-baseline,realPriorityWeightedActionableDelayDays,missRate,0.05,324,2.0410185185185186,1.4299999999999997,0.71,2.7199999999999998,324,0,0
dynamic,urgency-baseline,realPriorityWeightedActionableDelayDays,missRate,0.1,324,2.108981481481482,1.4699999999999995,0.7599999999999998,2.8,324,0,0
dynamic,urgency-baseline,realTravelDistanceKm,all,all,972,21.544927983539104,15.299999999999976,5.050000000000004,36.25249999999999,813,77,82
dynamic,urgency-baseline,realTravelDistanceKm,patientCount,15,243,3.498806584362143,3.5400000000000063,0,8.96,139,66,38
dynamic,urgency-baseline,realTravelDistanceKm,patientCount,30,243,11.194032921810713,12.280000000000001,6.129999999999999,17.97,214,4,25
dynamic,urgency-baseline,realTravelDistanceKm,patientCount,45,243,19.27683127572014,20.800000000000004,11.124999999999996,27.5,217,7,19
dynamic,urgency-baseline,realTravelDistanceKm,patientCount,90,243,52.210041152263386,52.25,39.67000000000001,63.999999999999986,243,0,0
dynamic,urgency-baseline,realTravelDistanceKm,areaMultiplier,0.5,324,22.804567901234595,16.239999999999995,8.150000000000006,32.2,310,3,11
dynamic,urgency-baseline,realTravelDistanceKm,areaMultiplier,1,324,24.00003086419755,15.43,2.5799999999999983,41.03,257,30,37
dynamic,urgency-baseline,realTravelDistanceKm,areaMultiplier,2,324,17.830185185185186,13.610000000000007,0.7999999999999972,29.097500000000014,246,44,34
dynamic,urgency-baseline,realTravelDistanceKm,planningDays,5,324,23.995771604938287,23.574999999999996,11.195,36.68749999999999,295,17,12
dynamic,urgency-baseline,realTravelDistanceKm,planningDays,10,324,24.23160493827161,15.380000000000003,5.049999999999997,38.70500000000001,262,34,28
dynamic,urgency-baseline,realTravelDistanceKm,planningDays,22,324,16.407407407407394,10.140000000000004,1.160000000000025,26.485000000000014,256,26,42
dynamic,urgency-baseline,realTravelDistanceKm,overdueFraction,0,324,21.308117283950637,15.299999999999955,5.049999999999997,36.39,265,22,37
dynamic,urgency-baseline,realTravelDistanceKm,overdueFraction,0.25,324,22.785493827160515,15.299999999999997,7.167500000000002,36.31999999999999,283,27,14
dynamic,urgency-baseline,realTravelDistanceKm,overdueFraction,0.5,324,20.541172839506153,15.31,3.8100000000000023,35.300000000000004,265,28,31
dynamic,urgency-baseline,realTravelDistanceKm,missRate,0,324,21.173518518518527,13.910000000000004,5.049999999999997,32.5975,279,31,14
dynamic,urgency-baseline,realTravelDistanceKm,missRate,0.05,324,21.42500000000001,15.085,5.049999999999997,36.33749999999999,262,28,34
dynamic,urgency-baseline,realTravelDistanceKm,missRate,0.1,324,22.036265432098773,16.17,5.417500000000004,36.7775,272,18,34
dynamic,urgency-baseline,totalPlanningTimeMs,all,all,972,-109.14193930041155,-25.494500000000002,-82.23325,-8.029250000000001,0,0,972
dynamic,urgency-baseline,totalPlanningTimeMs,patientCount,15,243,-6.994185185185187,-5.537,-10.0365,-2.4805,0,0,243
dynamic,urgency-baseline,totalPlanningTimeMs,patientCount,30,243,-32.15386419753086,-22.642000000000003,-52.714,-7.411,0,0,243
dynamic,urgency-baseline,totalPlanningTimeMs,patientCount,45,243,-86.59261728395063,-37.727999999999994,-146.8145,-21.234,0,0,243
dynamic,urgency-baseline,totalPlanningTimeMs,patientCount,90,243,-310.8270905349795,-112.765,-450.635,-45.072,0,0,243
dynamic,urgency-baseline,totalPlanningTimeMs,areaMultiplier,0.5,324,-159.99757716049385,-30.335,-90.01325,-9.5725,0,0,324
dynamic,urgency-baseline,totalPlanningTimeMs,areaMultiplier,1,324,-88.76192592592592,-25.648,-80.28975,-7.5215000000000005,0,0,324
dynamic,urgency-baseline,totalPlanningTimeMs,areaMultiplier,2,324,-78.66631481481484,-23.6735,-71.1395,-6.484,0,0,324
dynamic,urgency-baseline,totalPlanningTimeMs,planningDays,5,324,-15.24457716049382,-7.712999999999999,-24.554000000000002,-3.4035,0,0,324
dynamic,urgency-baseline,totalPlanningTimeMs,planningDays,10,324,-67.90093827160493,-27.8425,-61.71600000000001,-11.747,0,0,324
dynamic,urgency-baseline,totalPlanningTimeMs,planningDays,22,324,-244.2803024691358,-111.5005,-307.69225,-23.01325,0,0,324
dynamic,urgency-baseline,totalPlanningTimeMs,overdueFraction,0,324,-104.77816666666664,-24.451,-84.119,-9.7285,0,0,324
dynamic,urgency-baseline,totalPlanningTimeMs,overdueFraction,0.25,324,-109.0309259259259,-25.595999999999997,-76.87475,-8.003499999999999,0,0,324
dynamic,urgency-baseline,totalPlanningTimeMs,overdueFraction,0.5,324,-113.61672530864195,-25.774,-83.99575,-7.03675,0,0,324
dynamic,urgency-baseline,totalPlanningTimeMs,missRate,0,324,-105.88071604938271,-25.180999999999997,-78.8745,-8.01125,0,0,324
dynamic,urgency-baseline,totalPlanningTimeMs,missRate,0.05,324,-108.98834259259259,-24.9835,-82.18975,-8.04925,0,0,324
dynamic,urgency-baseline,totalPlanningTimeMs,missRate,0.1,324,-112.55675925925921,-25.768,-85.427,-8.033499999999998,0,0,324
